{
  "id": "",
  "name": "",
  "font_family": "iconfont",
  "css_prefix_text": "icon-",
  "description": "",
  "glyphs": [
    {
      "icon_id": "8776879",
      "name": "play",
      "font_class": "icon-test",
      "unicode": "e640",
      "unicode_decimal": 58944
    },
    {
      "icon_id": "8777510",
      "name": "arrow_left",
      "font_class": "icon-test1",
      "unicode": "e658",
      "unicode_decimal": 58968
    },
    {
      "icon_id": "8777511",
      "name": "arrow_down",
      "font_class": "icon-test2",
      "unicode": "e659",
      "unicode_decimal": 58969
    },
    {
      "icon_id": "8777512",
      "name": "arrow_right",
      "font_class": "icon-test3",
      "unicode": "e65a",
      "unicode_decimal": 58970
    },
    {
      "icon_id": "11712847",
      "name": "邮件",
      "font_class": "youjian",
      "unicode": "e618",
      "unicode_decimal": 58904
    }
  ]
}
